{"classification_accuracy": [53.18761384335155, 63.02367941712204, 66.8488160291439, 71.94899817850637, 75.95628415300547, 75.591985428051, 81.23861566484517, 81.78506375227687, 82.69581056466302, 80.51001821493625, 84.15300546448087, 86.15664845173042, 85.61020036429872, 87.97814207650273, 88.52459016393442, 89.79963570127505, 89.79963570127505, 87.97814207650273, 90.7103825136612, 88.88888888888889, 90.34608378870674, 91.2568306010929, 91.80327868852459, 92.16757741347905, 92.16757741347905, 93.0783242258652, 92.71402550091075, 92.71402550091075, 94.1712204007286, 94.53551912568307, 93.98907103825137, 94.53551912568307, 94.71766848816029, 95.26411657559198, 95.99271402550092, 95.26411657559198, 95.08196721311475, 95.62841530054645, 95.26411657559198, 95.99271402550092, 96.17486338797814, 95.44626593806922, 95.44626593806922, 95.81056466302368, 95.26411657559198, 96.90346083788707, 95.62841530054645, 97.632058287796, 97.44990892531877, 95.99271402550092, 96.17486338797814, 96.5391621129326, 97.44990892531877, 97.26775956284153, 97.632058287796, 97.26775956284153, 97.99635701275045, 96.90346083788707], "mean_iou": [5.0948401936769906e-06, 4.951970797052899e-05, 0.00015470001062815959, 0.000360675721845383, 0.0008253741846465925, 0.0019851411396829676, 0.0042502754789867005, 0.008052873131761815, 0.014302817719542373, 0.024366245855614824, 0.03735433601717181, 0.057264192577664366, 0.07928370295459522, 0.10476539030347531, 0.1282735105640194, 0.14701521134649476, 0.16582473494046332, 0.1799230537655507, 0.1929833047479588, 0.209321563974581, 0.2178402128521241, 0.22817215797220372, 0.23689396362162024, 0.24652131313062825, 0.2523182699497524, 0.26089461865202557, 0.2655551136133748, 0.27476805687300143, 0.2823464820533185, 0.2882446392737448, 0.29288526695117334, 0.2945859734692487, 0.30019784856531245, 0.3061872801130836, 0.31303078990279826, 0.3143532468380919, 0.3204938751222983, 0.32358310188341527, 0.32426815529867925, 0.33777075036698595, 0.3390390616133368, 0.33968700037655064, 0.34789471220622054, 0.3488711125314073, 0.35406659083069386, 0.35692133502576684, 0.3632724776232992, 0.36259816278226825, 0.3632821666385524, 0.368462872233425, 0.3721927657697133, 0.3740039084972695, 0.3745042159084095, 0.3819628618670047, 0.3822939899327651, 0.38758794998899376, 0.39046831726892184, 0.3860869345548673]}